issue,target,from
7,M0,"Backlog — Remaining Testing & CI"
142,M0,"1.x — Agon Game Foundations: Cards, Randomizers, Timer"
156,M0,"1.x — Agon Game Foundations: Cards, Randomizers, Timer"
314,M0,"0.6.0 — Platform Architecture Foundation"
320,M0,"1.x — Platform Migration 2: Existing Game Families"
337,M0,"1.x — Bible Translation Foundation"
338,M0,"1.x — Bible Translation Foundation"
339,M0,"1.x — Bible Translation Foundation"
349,M0,"1.x — Core Foundation (Pre-Migration)"
350,M0,"1.x — Core Foundation (Pre-Migration)"
351,M0,"1.x — Core Foundation (Pre-Migration)"
353,M0,"1.x — Core Foundation (Pre-Migration)"
355,M0,"1.x — Core Foundation (Pre-Migration)"
356,M0,"1.x — Reference Architecture Validation"
358,M0,"1.x — Reference Architecture Validation"
362,M0,"1.x — Core Foundation (Pre-Migration)"
363,M0,"1.x — Core Foundation (Pre-Migration)"
364,M0,"1.x — Core Foundation (Pre-Migration)"
366,M0,"1.x — Core Foundation (Pre-Migration)"
367,M0,"1.x — Core Foundation (Pre-Migration)"
447,M0,"—"
448,M0,"—"
449,M0,"—"
450,M0,"—"
509,M0,"—"
513,M0,"(new)"
514,M0,"(new)"
515,M0,"(new)"
4,M1,"Backlog — Remaining Testing & CI"
402,M1,"—"
422,M1,"—"
510,M1,"—"
516,M1,"(new)"
304,M2,"0.6.0 — Platform Architecture Foundation"
385,M2,"—"
507,M2,"—"
511,M2,"—"
130,M3,"1.x — Agon Game Foundations: Cards, Randomizers, Timer"
131,M3,"1.x — Agon Game Foundations: Cards, Randomizers, Timer"
132,M3,"1.x — Agon Game Foundations: Cards, Randomizers, Timer"
133,M3,"1.x — Agon Game Foundations: Cards, Randomizers, Timer"
134,M3,"1.x — Agon Game Foundations: Cards, Randomizers, Timer"
135,M3,"1.x — Agon Game Foundations: Cards, Randomizers, Timer"
136,M3,"1.x — Agon Game Foundations: Cards, Randomizers, Timer"
137,M3,"1.x — Agon Game Foundations: Cards, Randomizers, Timer"
141,M3,"1.x — Agon Game Foundations: Cards, Randomizers, Timer"
143,M3,"1.x — Agon Game Foundations: Cards, Randomizers, Timer"
144,M3,"1.x — Agon Game Foundations: Cards, Randomizers, Timer"
145,M3,"1.x — Agon Game Foundations: Cards, Randomizers, Timer"
146,M3,"1.x — Agon Game Foundations: Cards, Randomizers, Timer"
147,M3,"1.x — Agon Game Foundations: Cards, Randomizers, Timer"
148,M3,"1.x — Agon Game Foundations: Cards, Randomizers, Timer"
149,M3,"1.x — Agon Game Foundations: Cards, Randomizers, Timer"
150,M3,"1.x — Agon Game Foundations: Cards, Randomizers, Timer"
152,M3,"1.x — Agon Game Foundations: Cards, Randomizers, Timer"
153,M3,"1.x — Agon Game Foundations: Cards, Randomizers, Timer"
154,M3,"1.x — Agon Game Foundations: Cards, Randomizers, Timer"
155,M3,"1.x — Agon Game Foundations: Cards, Randomizers, Timer"
157,M3,"1.x — Agon Game Foundations: Cards, Randomizers, Timer"
158,M3,"1.x — Agon Game Foundations: Cards, Randomizers, Timer"
159,M3,"1.x — Agon Game Foundations: Cards, Randomizers, Timer"
167,M3,"1.x — Agon Game Foundations: Cards, Randomizers, Timer"
168,M3,"1.x — Agon Game Foundations: Cards, Randomizers, Timer"
169,M3,"1.x — Agon Game Foundations: Cards, Randomizers, Timer"
181,M3,"1.x — Wayfinder"
280,M3,"1.x — Image Board Engine"
281,M3,"1.x — Image Board Engine"
282,M3,"1.x — Image Board Engine"
283,M3,"1.x — Image Board Engine"
284,M3,"1.x — Image Board Engine"
285,M3,"1.x — Image Board Engine"
292,M3,"1.x — Team Play Styles"
315,M3,"1.x — Reference Architecture Validation"
318,M3,"0.6.0 — Platform Architecture Foundation"
340,M3,"1.x — Bible Translation Foundation"
341,M3,"1.x — Bible Translation Foundation"
342,M3,"1.x — Bible Translation Foundation"
343,M3,"1.x — Bible Translation Foundation"
368,M3,"1.x — Core Foundation (Pre-Migration)"
380,M3,"1.x — Platform Migration 2: Existing Game Families"
438,M3,"—"
439,M3,"—"
444,M3,"—"
451,M3,"—"
452,M3,"—"
453,M3,"—"
458,M3,"—"
459,M3,"—"
460,M3,"—"
466,M3,"—"
476,M3,"—"
477,M3,"—"
478,M3,"—"
479,M3,"—"
480,M3,"—"
481,M3,"—"
483,M3,"—"
487,M3,"—"
491,M3,"—"
493,M3,"—"
495,M3,"—"
500,M3,"—"
56,M4,"1.x — Timeline Sub-Modes"
57,M4,"1.x — Timeline Sub-Modes"
58,M4,"1.x — Director's Cut Presentation Variant"
87,M4,"1.0.0 — Stabilization"
305,M4,"1.x — Platform Migration 2: Existing Game Families"
306,M4,"1.x — Platform Migration 2: Existing Game Families"
307,M4,"1.x — Platform Migration 2: Existing Game Families"
308,M4,"1.x — Platform Migration 2: Existing Game Families"
309,M4,"1.x — Platform Migration 2: Existing Game Families"
311,M4,"1.x — Platform Migration 2: Existing Game Families"
321,M4,"1.x — Reference Architecture Validation"
331,M4,"1.x — Platform Migration 2: Existing Game Families"
103,M5,"0.7.0 — Agon 2: Core Apps"
105,M5,"0.8.0 — Agon 3: Game Presentation"
106,M5,"0.8.0 — Agon 3: Game Presentation"
107,M5,"0.8.0 — Agon 3: Game Presentation"
108,M5,"0.9.0 — Agon 4: Host Experience"
114,M5,"1.x — Agon 6: Polish & Validation"
293,M5,"1.x — Team Play Styles"
294,M5,"1.x — Team Play Styles"
296,M5,"1.x — Team Play Styles"
299,M5,"1.x — Participant Emblems"
300,M5,"1.x — Participant Emblems"
301,M5,"1.x — Participant Emblems"
316,M5,"0.7.0 — Agon 2: Core Apps"
369,M5,"1.x — Stage Platform Foundation"
370,M5,"1.x — Stage Platform Foundation"
372,M5,"1.x — Stage Platform Foundation"
400,M5,"—"
413,M5,"—"
414,M5,"—"
415,M5,"—"
11,M6,"0.4.0 — Phone Mode Stage 1 (Buzz Only)"
12,M6,"0.4.0 — Phone Mode Stage 1 (Buzz Only)"
13,M6,"0.4.0 — Phone Mode Stage 1 (Buzz Only)"
14,M6,"0.4.0 — Phone Mode Stage 1 (Buzz Only)"
16,M6,"1.x — Phone Mode Stages 2 & 3"
17,M6,"1.x — Phone Mode Stages 2 & 3"
18,M6,"1.x — Phone Mode Stages 2 & 3"
19,M6,"1.x — Phone Mode Stages 2 & 3"
20,M6,"1.x — Phone Mode Stages 2 & 3"
50,M6,"1.x — Controller: Private Choice & Number Input"
51,M6,"1.x — Controller: Private Choice & Number Input"
109,M6,"0.9.0 — Agon 4: Host Experience"
110,M6,"0.9.0 — Agon 4: Host Experience"
111,M6,"1.x — Agon 5: Player Controller"
112,M6,"1.x — Agon 5: Player Controller"
113,M6,"1.x — Agon 5: Player Controller"
295,M6,"1.x — Team Play Styles"
352,M6,"1.x — Core Foundation (Pre-Migration)"
354,M6,"1.x — Core Foundation (Pre-Migration)"
357,M6,"1.x — Reference Architecture Validation"
365,M6,"1.x — Core Foundation (Pre-Migration)"
371,M6,"1.x — Stage Platform Foundation"
387,M6,"—"
388,M6,"—"
389,M6,"—"
391,M6,"—"
392,M6,"—"
393,M6,"—"
394,M6,"—"
399,M6,"—"
403,M6,"—"
22,M7,"1.x — Daily Challenge Pack"
23,M7,"1.x — Bible Map Challenge"
52,M7,"1.x — New Games: Progressive Reveal Content Batch"
53,M7,"1.x — New Games: Progressive Reveal Content Batch"
54,M7,"1.x — New Games: Progressive Reveal Content Batch"
55,M7,"1.x — New Games: Progressive Reveal Content Batch"
59,M7,"1.x — Bible Baseball"
60,M7,"1.x — Bible Baseball"
61,M7,"1.x — Bible Baseball"
62,M7,"1.x — Bible Baseball"
63,M7,"1.x — Bible Baseball"
64,M7,"1.x — Bible Baseball"
65,M7,"1.x — Bible Blockbusters"
66,M7,"1.x — Bible Blockbusters"
67,M7,"1.x — Bible Blockbusters"
68,M7,"1.x — Bible Blockbusters"
69,M7,"1.x — Forbidden Words"
70,M7,"1.x — Forbidden Words"
71,M7,"1.x — Forbidden Words"
120,M7,"1.x — Pairs of Faith"
121,M7,"1.x — Pairs of Faith"
122,M7,"1.x — Pairs of Faith"
123,M7,"1.x — Pairs of Faith"
124,M7,"1.x — Pairs of Faith"
125,M7,"1.x — Pairs of Faith"
126,M7,"1.x — Pairs of Faith"
127,M7,"1.x — Pairs of Faith"
128,M7,"1.x — Pairs of Faith"
138,M7,"1.x — Bible Playing Deck"
139,M7,"1.x — Bible Playing Deck"
160,M7,"1.x — Computer Player Framework"
161,M7,"1.x — Computer Player Framework"
162,M7,"1.x — Computer Player Framework"
163,M7,"1.x — Computer Player Framework"
164,M7,"1.x — Computer Player Framework"
165,M7,"1.x — Computer Player Framework"
166,M7,"1.x — Computer Player Framework"
172,M7,"1.x — Unveiled"
174,M7,"1.x — Multitude"
175,M7,"1.x — Multitude"
176,M7,"1.x — Multitude"
177,M7,"1.x — Multitude"
178,M7,"1.x — Multitude"
179,M7,"1.x — Multitude"
182,M7,"1.x — Wayfinder"
183,M7,"1.x — Wayfinder"
184,M7,"1.x — Wayfinder"
185,M7,"1.x — Wayfinder"
186,M7,"1.x — Wayfinder"
286,M7,"1.x — Image Board Engine"
379,M7,"1.x — Platform Migration 2: Existing Game Families"
381,M7,"1.x — Platform Migration 2: Existing Game Families"
440,M7,"—"
441,M7,"—"
442,M7,"—"
443,M7,"—"
445,M7,"—"
454,M7,"—"
455,M7,"—"
456,M7,"—"
461,M7,"—"
462,M7,"—"
463,M7,"—"
467,M7,"—"
468,M7,"—"
469,M7,"—"
470,M7,"—"
471,M7,"—"
472,M7,"—"
473,M7,"—"
234,M8,"Backlog — Agon Kids"
235,M8,"Backlog — Agon Kids"
257,M8,"Backlog — Agon Kids"
325,M8,"Backlog — Kids Activity Events"
326,M8,"Backlog — Kids Activity Events"
327,M8,"Backlog — Kids Activity Events"
328,M8,"Backlog — Kids Activity Events"
329,M8,"Backlog — Kids Activity Events"
330,M8,"Backlog — Kids Activity Events"
333,M8,"Backlog — Kids Activity Events"
334,M8,"Backlog — Kids Activity Events"
335,M8,"Backlog — Kids Activity Events"
484,M8,"—"
485,M8,"—"
488,M8,"—"
489,M8,"—"
492,M8,"—"
494,M8,"—"
496,M8,"—"
497,M8,"—"
498,M8,"—"
501,M8,"—"
502,M8,"—"
503,M8,"—"
504,M8,"—"
505,M8,"—"
506,M8,"—"
359,M9,"Future — Agon Hosted"
360,M9,"Future — Agon Shared"
377,M9,"Future — Agon Shared"
378,M9,"Future — Agon Hosted"
382,M9,"1.x — Platform Migration 2: Existing Game Families"
383,M9,"1.x — Platform Migration 2: Existing Game Families"
386,M9,"—"
390,M9,"—"
407,M9,"—"
411,M9,"—"
435,M9,"—"
517,M10,"(new)"
99,UI,"0.5.0 — Agon 1: Foundation"
100,UI,"0.5.0 — Agon 1: Foundation"
101,UI,"0.5.0 — Agon 1: Foundation"
102,UI,"0.5.0 — Agon 1: Foundation"
104,UI,"0.7.0 — Agon 2: Core Apps"
117,UI,"0.5.0 — Agon 1: Foundation"
298,UI,"1.x — Participant Emblems"
21,TE,"1.x — Tournaments, Event Championships & Persistent Events"
189,TE,"1.x — Tournaments, Event Championships & Persistent Events"
190,TE,"1.x — Tournaments, Event Championships & Persistent Events"
191,TE,"1.x — Tournaments, Event Championships & Persistent Events"
192,TE,"1.x — Tournaments, Event Championships & Persistent Events"
193,TE,"1.x — Tournaments, Event Championships & Persistent Events"
194,TE,"1.x — Tournaments, Event Championships & Persistent Events"
195,TE,"1.x — Tournaments, Event Championships & Persistent Events"
196,TE,"1.x — Tournaments, Event Championships & Persistent Events"
197,TE,"1.x — Tournaments, Event Championships & Persistent Events"
198,TE,"1.x — Tournaments, Event Championships & Persistent Events"
24,PK,"1.x — Themed Content Groundwork"
31,PK,"1.x — Content Licensing"
32,PK,"1.x — Content Licensing"
33,PK,"1.x — Content Licensing"
34,PK,"1.x — Content Licensing"
35,PK,"1.x — Content Licensing"
36,PK,"1.x — Content Licensing"
37,PK,"1.x — Content Licensing"
313,PK,"0.6.0 — Platform Architecture Foundation"
317,PK,"0.6.0 — Platform Architecture Foundation"
319,PK,"1.x — Game & Content Packs"
324,PK,"1.x — Game & Content Packs"
344,PK,"1.x — Bible Translation Providers & Packs"
345,PK,"1.x — Bible Translation Providers & Packs"
346,PK,"1.x — Bible Translation Providers & Packs"
347,PK,"1.x — Bible Translation Providers & Packs"
395,PK,"—"
401,PK,"—"
405,PK,"—"
406,PK,"—"
409,PK,"—"
410,PK,"—"
425,PK,"—"
426,PK,"—"
427,PK,"—"
428,PK,"—"
429,PK,"—"
430,PK,"—"
431,PK,"—"
432,PK,"—"
433,PK,"—"
434,PK,"—"
436,PK,"—"
25,TC,"1.x — Themed Content Groundwork"
26,TC,"1.x — Themed Content Groundwork"
27,TC,"1.x — Themed Content Groundwork"
28,TC,"1.x — Themed Content Groundwork"
29,TC,"1.x — Themed Content Groundwork"
30,TC,"1.x — Themed Content Groundwork"
38,TC,"1.x.y — Themed Content Packs"
39,TC,"1.x.y — Themed Content Packs"
40,TC,"1.x.y — Themed Content Packs"
41,TC,"1.x.y — Themed Content Packs"
42,TC,"1.x.y — Themed Content Packs"
43,TC,"1.x.y — Themed Content Packs"
44,TC,"1.x.y — Themed Content Packs"
45,TC,"1.x.y — Themed Content Packs"
322,PH,"1.x — Platform Cleanup & Build Optimization"
323,PH,"1.x — Platform Cleanup & Build Optimization"
373,PH,"1.x — Platform Hardening"
374,PH,"1.x — Platform Hardening"
375,PH,"1.x — Platform Hardening"
376,PH,"1.x — Learning Platform Expansion"
396,PH,"—"
397,PH,"—"
404,PH,"—"
408,PH,"—"
416,PH,"—"
417,PH,"—"
418,PH,"—"
419,PH,"—"
420,PH,"—"
421,PH,"—"
423,PH,"—"
15,S1,"1.0.0 — Stabilization"
115,S1,"1.x — Agon 6: Polish & Validation"
200,BG,"Backlog — Candidate Games"
201,BG,"Backlog — Candidate Games"
202,BG,"Backlog — Candidate Games"
203,BG,"Backlog — Candidate Games"
204,BG,"Backlog — Candidate Games"
205,BG,"Backlog — Candidate Games"
206,BG,"Backlog — Candidate Games"
207,BG,"Backlog — Candidate Games"
208,BG,"Backlog — Candidate Games"
209,BG,"Backlog — Candidate Games"
210,BG,"Backlog — Candidate Games"
211,BG,"Backlog — Candidate Games"
212,BG,"Backlog — Candidate Games"
213,BG,"Backlog — Candidate Games"
214,BG,"Backlog — Candidate Games"
215,BG,"Backlog — Candidate Games"
216,BG,"Backlog — Candidate Games"
217,BG,"Backlog — Candidate Games"
218,BG,"Backlog — Candidate Games"
219,BG,"Backlog — Candidate Games"
220,BG,"Backlog — Candidate Games"
221,BG,"Backlog — Candidate Games"
222,BG,"Backlog — Candidate Games"
223,BG,"Backlog — Candidate Games"
224,BG,"Backlog — Candidate Games"
225,BG,"Backlog — Candidate Games"
226,BG,"Backlog — Candidate Games"
227,BG,"Backlog — Candidate Games"
228,BG,"Backlog — Candidate Games"
229,BG,"Backlog — Candidate Games"
230,BG,"Backlog — Candidate Games"
231,BG,"Backlog — Candidate Games"
232,BG,"Backlog — Candidate Games"
233,BG,"Backlog — Candidate Games"
289,BG,"Backlog — Candidate Games"
291,BG,"Backlog — Candidate Games"
310,BG,"Backlog — Candidate Games"
474,BG,"—"
236,BK,"Backlog — Agon Kids"
237,BK,"Backlog — Agon Kids"
238,BK,"Backlog — Agon Kids"
239,BK,"Backlog — Agon Kids"
240,BK,"Backlog — Agon Kids"
241,BK,"Backlog — Agon Kids"
242,BK,"Backlog — Agon Kids"
243,BK,"Backlog — Agon Kids"
244,BK,"Backlog — Agon Kids"
245,BK,"Backlog — Agon Kids"
246,BK,"Backlog — Agon Kids"
247,BK,"Backlog — Agon Kids"
248,BK,"Backlog — Agon Kids"
249,BK,"Backlog — Agon Kids"
250,BK,"Backlog — Agon Kids"
251,BK,"Backlog — Agon Kids"
252,BK,"Backlog — Agon Kids"
253,BK,"Backlog — Agon Kids"
254,BK,"Backlog — Agon Kids"
255,BK,"Backlog — Agon Kids"
258,BK,"Backlog — Agon Kids"
259,BK,"Backlog — Agon Kids"
260,BK,"Backlog — Agon Kids"
261,BK,"Backlog — Agon Kids"
262,BK,"Backlog — Agon Kids"
263,BK,"Backlog — Agon Kids"
264,BK,"Backlog — Agon Kids"
265,BK,"Backlog — Agon Kids"
266,BK,"Backlog — Agon Kids"
267,BK,"Backlog — Agon Kids"
268,BK,"Backlog — Agon Kids"
269,BK,"Backlog — Agon Kids"
270,BK,"Backlog — Agon Kids"
271,BK,"Backlog — Agon Kids"
272,BK,"Backlog — Agon Kids"
273,BK,"Backlog — Agon Kids"
274,BK,"Backlog — Agon Kids"
275,BK,"Backlog — Agon Kids"
276,BK,"Backlog — Agon Kids"
277,BK,"Backlog — Agon Kids"
278,BK,"Backlog — Agon Kids"
279,BK,"Backlog — Agon Kids"
5,BT,"Backlog — Remaining Testing & CI"
6,BT,"Backlog — Remaining Testing & CI"
